{
  "version": "v5.28_full_backtest",
  "timestamp": "2026-04-24 15:47",
  "cycle": 40,
  "market": "過熱",
  "max_hold": 3,
  "scan_total": 12,
  "tradeable": 9,
  "wr": 56.9377990430622,
  "avg_return": 1.2089516925109707,
  "total_trades": 209,
  "etf_trades": 79,
  "stock_trades": 130,
  "etf_wr": 62.0253164556962,
  "etf_avg": 0.372601936832789,
  "stock_wr": 53.84615384615385,
  "stock_avg": 1.717195005576943,
  "blacklist": [
    "2458",
    "6230",
    "3413",
    "8081",
    "3034",
    "2330",
    "4938",
    "2454",
    "2451",
    "2308",
    "2379",
    "2353",
    "1605"
  ],
  "stock_pool": [
    "2382",
    "3017",
    "2474",
    "2345",
    "2449",
    "3665"
  ],
  "etf_pool": [
    "0050",
    "0056",
    "00713",
    "00891",
    "00900",
    "00902"
  ],
  "fixes_applied": [
    "REMOVED_00646_00662_LOW_WR",
    "ETF_POOL_REDUCED_8_TO_6",
    "ADDED_2449_3665_2886_HIGH_WR_CANDIDATES",
    "MAX_HOLD_REDUCED_4_TO_3",
    "ETF_ENTRY_THRESHOLD_RAISED",
    "STOCK_POOL_EXPANDED_4_TO_7",
    "TARGET_Avg_2.0PCT"
  ]
}