{
  "version": "v5.26_full_backtest",
  "timestamp": "2026-04-24 18:27",
  "cycle": 38,
  "market": "過熱",
  "max_hold": 5,
  "scan_total": 10,
  "tradeable": 7,
  "wr": 60.83333333333333,
  "avg_return": 1.932081565894965,
  "total_trades": 120,
  "etf_trades": 59,
  "stock_trades": 61,
  "etf_wr": 57.6271186440678,
  "etf_avg": 0.5207452555310613,
  "stock_wr": 63.934426229508205,
  "stock_avg": 3.297144554607594,
  "blacklist": [
    "2353",
    "6230",
    "2308",
    "1605",
    "3413",
    "2454",
    "2379",
    "4938",
    "2451",
    "2458",
    "8081",
    "2330",
    "3034"
  ],
  "stock_pool": [
    "2382",
    "3017",
    "2474",
    "2345"
  ],
  "etf_pool": [
    "0050",
    "0056",
    "00891",
    "00713",
    "00900",
    "00902"
  ],
  "fixes_applied": [
    "REMOVE_2884_YushanGold",
    "ADD_2345_ZhiBang_REPLACE_2884",
    "NEW_STOCK_POOL_2382_3017_2474_2345",
    "TIER1_2382_3017_TIER2_2474_2345",
    "TARGET_Avg_2.0PCT"
  ]
}