{
  "version": "v5.27_full_backtest",
  "timestamp": "2026-04-24 10:19",
  "cycle": 39,
  "market": "過熱",
  "max_hold": 4,
  "scan_total": 12,
  "tradeable": 12,
  "wr": 56.451612903225815,
  "avg_return": 0.9590322020534527,
  "total_trades": 248,
  "etf_trades": 177,
  "stock_trades": 71,
  "etf_wr": 54.80225988700565,
  "etf_avg": 0.3994784448525368,
  "stock_wr": 60.56338028169014,
  "stock_avg": 2.3539760756388346,
  "blacklist": [
    "3413",
    "2454",
    "1605",
    "2379",
    "3034",
    "4938",
    "2458",
    "8081",
    "2451",
    "6230",
    "2308",
    "2353",
    "2330"
  ],
  "stock_pool": [
    "2382",
    "3017",
    "2474",
    "2345"
  ],
  "etf_pool": [
    "0050",
    "0056",
    "00646",
    "00662",
    "00713",
    "00891",
    "00900",
    "00902"
  ],
  "fixes_applied": [
    "ETF_SCORE_MIN_LOWERED_OVERBOUGHT_18_TO_12",
    "ETF_SCORE_MIN_LOWERED_BULLISH_25_TO_18",
    "ETF_SCORE_MIN_LOWERED_NEUTRAL_22_TO_15",
    "ETF_BIAS_RANGE_EXPANDED_OVERBOUGHT_8_TO_12",
    "ETF_BIAS_LIMIT_RAISED_20_TO_25",
    "HOLDING_PERIOD_REDUCED_5_TO_4",
    "ADDED_00646_00662_ETF_POOL_8",
    "TARGET_Avg_2.5PCT"
  ]
}