{
  "market": "過熱",
  "results": 104,
  "tradeable": 5,
  "wr": 60.416666666666664,
  "avg": 1.8390668251671085,
  "total_trades": 48,
  "thresholds": {
    "score": 30,
    "rsi": 68,
    "bias": 10,
    "atr": 0.3
  }
}