{
  "timestamp": "2026-05-14 08:52:16",
  "source": "leo_matrix_optimizer",
  "best_config": {
    "rsi_period": 18,
    "rsi_threshold": 45,
    "hold_days": 10,
    "tp_pct": 15,
    "sl_pct": 10
  },
  "train_wr": 75.0,
  "val_wr": 77.77777777777779,
  "train_sharpe": 9.669855160519045,
  "val_sharpe": 13.775401377916182,
  "val_pl_ratio": 3.2049891608648884,
  "val_recovery": 10.883754340744714,
  "score": 116.05897969852579,
  "symbols": [
    "2379",
    "2330"
  ]
}